spearman_log2fc,jaccard_significant,pathway_top_jaccard,pathway_score_spearman,ref_sig_count,test_sig_count,abs_sig_count_delta,snr_before,snr_after
0.44709385705043314,0.05398920215956809,0.42857142857142855,0.9642857142857141,499,1258,759,5.673000317875098,5.673000317875098
0.4622020969861404,0.054906542056074766,0.25,0.8999999999999998,499,1307,808,5.695769628367074,5.695769628367074
0.45489563607598554,0.05660377358490566,0.25,1.0000000000000002,499,1237,738,5.679527332692107,5.679527332692107
0.4719314397897845,0.051753881541115584,0.42857142857142855,0.9999999999999998,499,1330,831,5.715843745902316,5.715843745902316
