spearman_log2fc,jaccard_significant,pathway_top_jaccard,pathway_score_spearman,ref_sig_count,test_sig_count,abs_sig_count_delta,snr_before,snr_after
0.7118397837166881,0.2410179640718563,1.0,0.967032967032967,499,330,169,7.948599921301808,7.948599921301808
0.6971980230844617,0.24378881987577639,1.0,1.0000000000000002,499,302,197,7.951502721194278,7.951502721194278
0.7099748959184399,0.21865443425076453,1.0,1.0000000000000002,499,298,201,7.957124734117111,7.957124734117111
0.7084921887497916,0.27675840978593275,1.0,0.9780219780219781,499,336,163,7.9519666529463295,7.9519666529463295
