spearman_log2fc,jaccard_significant,pathway_top_jaccard,pathway_score_spearman,ref_sig_count,test_sig_count,abs_sig_count_delta,snr_before,snr_after
0.9854671933673319,0.9176104190260476,1.0,1.0,3424,3349,75,4.86861843001722,4.86861843001722
0.9851111802293655,0.9191176470588235,1.0,0.9956043956043955,3424,3362,62,4.871616241430677,4.871616241430677
0.9857154292519228,0.9198863636363637,1.0,1.0,3424,3334,90,4.871253980661131,4.871253980661131
0.9846182428124602,0.9135242415650695,1.0,0.9956043956043955,3424,3325,99,4.870663414678401,4.870663414678401
