spearman_log2fc,jaccard_significant,pathway_top_jaccard,pathway_score_spearman,ref_sig_count,test_sig_count,abs_sig_count_delta,snr_before,snr_after
0.8808553989079045,0.49818688981868897,1.0,0.9956043956043955,3424,1947,1477,5.090996283938541,5.090996283938541
0.8805425175575606,0.5177423861413802,1.0,0.9956043956043955,3424,2008,1416,5.0860865002404685,5.0860865002404685
0.8829228395797504,0.5090554471997771,1.0,0.9912087912087912,3424,1992,1432,5.089415048607566,5.089415048607566
0.8852387519906846,0.5197881828316611,1.0,0.9956043956043955,3424,2029,1395,5.099450044576755,5.099450044576755
