spearman_log2fc,jaccard_significant,pathway_top_jaccard,pathway_score_spearman,ref_sig_count,test_sig_count,abs_sig_count_delta,snr_before,snr_after
0.8764274078969936,0.75,1.0,1.0,499,488,11,6.7484149236948845,6.7484149236948845
0.8783617308530786,0.736936936936937,1.0,1.0,499,465,34,6.733601033157403,6.733601033157403
0.8755429910196771,0.7269565217391304,1.0,1.0,499,494,5,6.7425117921660656,6.7425117921660656
0.8805680017598014,0.7263157894736842,1.0,1.0,499,485,14,6.74297333881972,6.74297333881972
